{
  "ABIRoot": {
    "kind": "Root",
    "name": "TopLevel",
    "printedName": "TopLevel",
    "children": [
      {
        "kind": "Import",
        "name": "Foundation",
        "printedName": "Foundation",
        "declKind": "Import",
        "moduleName": "ITStatsAndScores",
        "declAttributes": [
          "RawDocComment"
        ]
      },
      {
        "kind": "TypeDecl",
        "name": "UserDetails",
        "printedName": "UserDetails",
        "children": [
          {
            "kind": "Var",
            "name": "userId",
            "printedName": "userId",
            "children": [
              {
                "kind": "TypeNominal",
                "name": "String",
                "printedName": "Swift.String",
                "usr": "s:SS"
              }
            ],
            "declKind": "Var",
            "usr": "s:16ITStatsAndScores11UserDetailsV6userIdSSvp",
            "mangledName": "$s16ITStatsAndScores11UserDetailsV6userIdSSvp",
            "moduleName": "ITStatsAndScores",
            "declAttributes": [
              "HasStorage",
              "AccessControl",
              "UsableFromInline",
              "RawDocComment"
            ],
            "fixedbinaryorder": 0,
            "isLet": true,
            "hasStorage": true,
            "accessors": [
              {
                "kind": "Accessor",
                "name": "Get",
                "printedName": "Get()",
                "children": [
                  {
                    "kind": "TypeNominal",
                    "name": "String",
                    "printedName": "Swift.String",
                    "usr": "s:SS"
                  }
                ],
                "declKind": "Accessor",
                "usr": "s:16ITStatsAndScores11UserDetailsV6userIdSSvg",
                "mangledName": "$s16ITStatsAndScores11UserDetailsV6userIdSSvg",
                "moduleName": "ITStatsAndScores",
                "implicit": true,
                "declAttributes": [
                  "Transparent"
                ],
                "accessorKind": "get"
              }
            ]
          },
          {
            "kind": "Var",
            "name": "country",
            "printedName": "country",
            "children": [
              {
                "kind": "TypeNominal",
                "name": "String",
                "printedName": "Swift.String",
                "usr": "s:SS"
              }
            ],
            "declKind": "Var",
            "usr": "s:16ITStatsAndScores11UserDetailsV7countrySSvp",
            "mangledName": "$s16ITStatsAndScores11UserDetailsV7countrySSvp",
            "moduleName": "ITStatsAndScores",
            "declAttributes": [
              "HasStorage",
              "AccessControl",
              "UsableFromInline"
            ],
            "fixedbinaryorder": 1,
            "isLet": true,
            "hasStorage": true,
            "accessors": [
              {
                "kind": "Accessor",
                "name": "Get",
                "printedName": "Get()",
                "children": [
                  {
                    "kind": "TypeNominal",
                    "name": "String",
                    "printedName": "Swift.String",
                    "usr": "s:SS"
                  }
                ],
                "declKind": "Accessor",
                "usr": "s:16ITStatsAndScores11UserDetailsV7countrySSvg",
                "mangledName": "$s16ITStatsAndScores11UserDetailsV7countrySSvg",
                "moduleName": "ITStatsAndScores",
                "implicit": true,
                "declAttributes": [
                  "Transparent"
                ],
                "accessorKind": "get"
              }
            ]
          },
          {
            "kind": "Var",
            "name": "language",
            "printedName": "language",
            "children": [
              {
                "kind": "TypeNominal",
                "name": "String",
                "printedName": "Swift.String",
                "usr": "s:SS"
              }
            ],
            "declKind": "Var",
            "usr": "s:16ITStatsAndScores11UserDetailsV8languageSSvp",
            "mangledName": "$s16ITStatsAndScores11UserDetailsV8languageSSvp",
            "moduleName": "ITStatsAndScores",
            "declAttributes": [
              "HasStorage",
              "AccessControl",
              "UsableFromInline"
            ],
            "fixedbinaryorder": 2,
            "isLet": true,
            "hasStorage": true,
            "accessors": [
              {
                "kind": "Accessor",
                "name": "Get",
                "printedName": "Get()",
                "children": [
                  {
                    "kind": "TypeNominal",
                    "name": "String",
                    "printedName": "Swift.String",
                    "usr": "s:SS"
                  }
                ],
                "declKind": "Accessor",
                "usr": "s:16ITStatsAndScores11UserDetailsV8languageSSvg",
                "mangledName": "$s16ITStatsAndScores11UserDetailsV8languageSSvg",
                "moduleName": "ITStatsAndScores",
                "implicit": true,
                "declAttributes": [
                  "Transparent"
                ],
                "accessorKind": "get"
              }
            ]
          },
          {
            "kind": "Constructor",
            "name": "init",
            "printedName": "init(userId:country:language:)",
            "children": [
              {
                "kind": "TypeNominal",
                "name": "UserDetails",
                "printedName": "ITStatsAndScores.UserDetails",
                "usr": "s:16ITStatsAndScores11UserDetailsV"
              },
              {
                "kind": "TypeNominal",
                "name": "String",
                "printedName": "Swift.String",
                "usr": "s:SS"
              },
              {
                "kind": "TypeNominal",
                "name": "String",
                "printedName": "Swift.String",
                "usr": "s:SS"
              },
              {
                "kind": "TypeNominal",
                "name": "String",
                "printedName": "Swift.String",
                "usr": "s:SS"
              }
            ],
            "declKind": "Constructor",
            "usr": "s:16ITStatsAndScores11UserDetailsV6userId7country8languageACSS_S2Stcfc",
            "mangledName": "$s16ITStatsAndScores11UserDetailsV6userId7country8languageACSS_S2Stcfc",
            "moduleName": "ITStatsAndScores",
            "declAttributes": [
              "AccessControl",
              "Inlinable"
            ],
            "init_kind": "Designated"
          }
        ],
        "declKind": "Struct",
        "usr": "s:16ITStatsAndScores11UserDetailsV",
        "mangledName": "$s16ITStatsAndScores11UserDetailsV",
        "moduleName": "ITStatsAndScores",
        "declAttributes": [
          "AccessControl",
          "Frozen"
        ],
        "conformances": [
          {
            "kind": "Conformance",
            "name": "Sendable",
            "printedName": "Sendable",
            "usr": "s:s8SendableP",
            "mangledName": "$ss8SendableP"
          }
        ]
      },
      {
        "kind": "Import",
        "name": "SwiftUI",
        "printedName": "SwiftUI",
        "declKind": "Import",
        "moduleName": "ITStatsAndScores",
        "declAttributes": [
          "RawDocComment"
        ]
      },
      {
        "kind": "TypeDecl",
        "name": "InterTechScoresScreen",
        "printedName": "InterTechScoresScreen",
        "children": [
          {
            "kind": "Constructor",
            "name": "init",
            "printedName": "init(userDetails:)",
            "children": [
              {
                "kind": "TypeNominal",
                "name": "InterTechScoresScreen",
                "printedName": "ITStatsAndScores.InterTechScoresScreen",
                "usr": "s:16ITStatsAndScores09InterTechC6ScreenV"
              },
              {
                "kind": "TypeNominal",
                "name": "UserDetails",
                "printedName": "ITStatsAndScores.UserDetails",
                "usr": "s:16ITStatsAndScores11UserDetailsV"
              }
            ],
            "declKind": "Constructor",
            "usr": "s:16ITStatsAndScores09InterTechC6ScreenV11userDetailsAcA04UserH0V_tcfc",
            "mangledName": "$s16ITStatsAndScores09InterTechC6ScreenV11userDetailsAcA04UserH0V_tcfc",
            "moduleName": "ITStatsAndScores",
            "declAttributes": [
              "Custom",
              "AccessControl"
            ],
            "init_kind": "Designated"
          },
          {
            "kind": "Var",
            "name": "body",
            "printedName": "body",
            "children": [
              {
                "kind": "TypeNominal",
                "name": "OpaqueTypeArchetype",
                "printedName": "some SwiftUI.View",
                "children": [
                  {
                    "kind": "TypeNominal",
                    "name": "View",
                    "printedName": "SwiftUI.View",
                    "usr": "s:7SwiftUI4ViewP"
                  }
                ]
              }
            ],
            "declKind": "Var",
            "usr": "s:16ITStatsAndScores09InterTechC6ScreenV4bodyQrvp",
            "mangledName": "$s16ITStatsAndScores09InterTechC6ScreenV4bodyQrvp",
            "moduleName": "ITStatsAndScores",
            "declAttributes": [
              "Custom",
              "AccessControl"
            ],
            "accessors": [
              {
                "kind": "Accessor",
                "name": "Get",
                "printedName": "Get()",
                "children": [
                  {
                    "kind": "TypeNominal",
                    "name": "OpaqueTypeArchetype",
                    "printedName": "some SwiftUI.View",
                    "children": [
                      {
                        "kind": "TypeNominal",
                        "name": "View",
                        "printedName": "SwiftUI.View",
                        "usr": "s:7SwiftUI4ViewP"
                      }
                    ]
                  }
                ],
                "declKind": "Accessor",
                "usr": "s:16ITStatsAndScores09InterTechC6ScreenV4bodyQrvg",
                "mangledName": "$s16ITStatsAndScores09InterTechC6ScreenV4bodyQrvg",
                "moduleName": "ITStatsAndScores",
                "accessorKind": "get"
              }
            ]
          }
        ],
        "declKind": "Struct",
        "usr": "s:16ITStatsAndScores09InterTechC6ScreenV",
        "mangledName": "$s16ITStatsAndScores09InterTechC6ScreenV",
        "moduleName": "ITStatsAndScores",
        "declAttributes": [
          "Custom",
          "AccessControl"
        ],
        "conformances": [
          {
            "kind": "Conformance",
            "name": "View",
            "printedName": "View",
            "children": [
              {
                "kind": "TypeWitness",
                "name": "Body",
                "printedName": "Body",
                "children": [
                  {
                    "kind": "TypeNominal",
                    "name": "OpaqueTypeArchetype",
                    "printedName": "some SwiftUI.View",
                    "children": [
                      {
                        "kind": "TypeNominal",
                        "name": "View",
                        "printedName": "SwiftUI.View",
                        "usr": "s:7SwiftUI4ViewP"
                      }
                    ]
                  }
                ]
              }
            ],
            "usr": "s:7SwiftUI4ViewP",
            "mangledName": "$s7SwiftUI4ViewP"
          }
        ]
      },
      {
        "kind": "Import",
        "name": "Foundation",
        "printedName": "Foundation",
        "declKind": "Import",
        "moduleName": "ITStatsAndScores",
        "declAttributes": [
          "RawDocComment"
        ]
      }
    ],
    "json_format_version": 8
  },
  "ConstValues": []
}